{"cameraMode":{"drawMode":0,"name":"Shaded","section":"Shading Mode"},"sceneLighting":false,"audioPlay":false,"sceneViewState":{"showFog":true,"showMaterialUpdate":false,"showSkybox":true,"showFlares":true,"showImageEffects":true,"showParticleSystems":true},"in2DMode":false,"pivot":{"x":-0.2559807300567627,"y":-0.5335308909416199,"z":1.101380467414856},"rotation":{"x":-0.1103452518582344,"y":-0.6131116151809692,"z":0.08702650666236878,"w":-0.7773959636688232},"size":3.253343343734741,"orthographic":false}