{"cameraMode":{"drawMode":0,"name":"Shaded","section":"Shading Mode"},"sceneLighting":false,"audioPlay":false,"sceneViewState":{"showFog":true,"showMaterialUpdate":false,"showSkybox":true,"showFlares":true,"showImageEffects":true,"showParticleSystems":true},"in2DMode":false,"pivot":{"x":-2.1438517570495607,"y":-4.891718864440918,"z":-2.4075069427490236},"rotation":{"x":-0.03617985174059868,"y":0.9637899398803711,"z":-0.1906748265028,"w":-0.1828746497631073},"size":31.791912078857423,"orthographic":false}