{"cameraMode":{"drawMode":0,"name":"Shaded","section":"Shading Mode"},"sceneLighting":false,"audioPlay":false,"sceneViewState":{"showFog":true,"showMaterialUpdate":false,"showSkybox":true,"showFlares":true,"showImageEffects":true,"showParticleSystems":true},"in2DMode":false,"pivot":{"x":0.0,"y":0.006686716340482235,"z":0.0009905858896672726},"rotation":{"x":-0.009071286767721177,"y":0.9867183566093445,"z":-0.15096141397953034,"w":-0.05928969010710716},"size":33.86507034301758,"orthographic":false}