{"cameraMode":{"drawMode":0,"name":"Shaded","section":"Shading Mode"},"sceneLighting":false,"audioPlay":false,"sceneViewState":{"showFog":true,"showMaterialUpdate":false,"showSkybox":true,"showFlares":true,"showImageEffects":true,"showParticleSystems":true},"in2DMode":false,"pivot":{"x":-0.8699173927307129,"y":0.24057352542877198,"z":0.06525778770446778},"rotation":{"x":0.023235879838466646,"y":-0.9754946231842041,"z":0.17783129215240479,"w":0.1274615228176117},"size":8.040826797485352,"orthographic":false}