{"cameraMode":{"drawMode":0,"name":"Shaded","section":"Shading Mode"},"sceneLighting":false,"audioPlay":false,"sceneViewState":{"showFog":true,"showMaterialUpdate":false,"showSkybox":true,"showFlares":true,"showImageEffects":true,"showParticleSystems":true},"in2DMode":false,"pivot":{"x":12.8392915725708,"y":2.7207822799682619,"z":0.30498266220092776},"rotation":{"x":-0.0013563825050368906,"y":0.991595447063446,"z":-0.12894918024539948,"w":-0.01042822003364563},"size":17.985057830810548,"orthographic":false}