{"cameraMode":{"drawMode":0,"name":"Shaded","section":"Shading Mode"},"sceneLighting":false,"audioPlay":false,"sceneViewState":{"showFog":true,"showMaterialUpdate":false,"showSkybox":true,"showFlares":true,"showImageEffects":true,"showParticleSystems":true},"in2DMode":false,"pivot":{"x":-0.03746664524078369,"y":1.3381638526916505,"z":-0.1086127758026123},"rotation":{"x":-0.03617985174059868,"y":0.9637899398803711,"z":-0.1906748265028,"w":-0.1828746497631073},"size":7.5915913581848148,"orthographic":false}