{"cameraMode":{"drawMode":0,"name":"Shaded","section":"Shading Mode"},"sceneLighting":false,"audioPlay":false,"sceneViewState":{"showFog":true,"showMaterialUpdate":false,"showSkybox":true,"showFlares":true,"showImageEffects":true,"showParticleSystems":true},"in2DMode":false,"pivot":{"x":13.699999809265137,"y":2.7581639289855959,"z":0.3100000023841858},"rotation":{"x":0.023235879838466646,"y":-0.9754946231842041,"z":0.17783129215240479,"w":0.1274615228176117},"size":1.4289418458938599,"orthographic":false}