{"cameraMode":{"drawMode":0,"name":"Shaded","section":"Shading Mode"},"sceneLighting":false,"audioPlay":false,"sceneViewState":{"showFog":true,"showMaterialUpdate":false,"showSkybox":true,"showFlares":true,"showImageEffects":true,"showParticleSystems":true},"in2DMode":false,"pivot":{"x":0.5802924633026123,"y":0.35183608531951907,"z":0.0033745765686035158},"rotation":{"x":-0.029654277488589288,"y":0.969597339630127,"z":-0.15132024884223939,"w":-0.19001002609729768},"size":5.035072326660156,"orthographic":false}