{"cameraMode":{"drawMode":0,"name":"Shaded","section":"Shading Mode"},"sceneLighting":false,"audioPlay":false,"sceneViewState":{"showFog":true,"showMaterialUpdate":false,"showSkybox":true,"showFlares":true,"showImageEffects":true,"showParticleSystems":true},"in2DMode":false,"pivot":{"x":-2.3582401275634767,"y":-1.700698971748352,"z":1.3259811401367188},"rotation":{"x":-0.0025397653225809337,"y":-0.9864921569824219,"z":0.1630670428276062,"w":-0.015363545157015324},"size":14.054415702819825,"orthographic":false}