{"cameraMode":{"drawMode":0,"name":"Shaded","section":"Shading Mode"},"sceneLighting":false,"audioPlay":false,"sceneViewState":{"showFog":true,"showMaterialUpdate":false,"showSkybox":true,"showFlares":true,"showImageEffects":true,"showParticleSystems":true},"in2DMode":false,"pivot":{"x":7.66297721862793,"y":-2.5173540115356447,"z":-8.921096801757813},"rotation":{"x":0.0071888696402311329,"y":-0.9902637004852295,"z":0.12726792693138123,"w":0.055937424302101138},"size":40.742794036865237,"orthographic":false}