{"cameraMode":{"drawMode":0,"name":"Shaded","section":"Shading Mode"},"sceneLighting":false,"audioPlay":false,"sceneViewState":{"showFog":true,"showMaterialUpdate":false,"showSkybox":true,"showFlares":true,"showImageEffects":true,"showParticleSystems":true},"in2DMode":false,"pivot":{"x":9.959217071533204,"y":-18.686187744140626,"z":-24.719297409057618},"rotation":{"x":0.1915445327758789,"y":-0.7847642302513123,"z":0.29432886838912966,"w":0.510711669921875},"size":146.6297607421875,"orthographic":false}