{"cameraMode":{"drawMode":0,"name":"Shaded","section":"Shading Mode"},"sceneLighting":false,"audioPlay":false,"sceneViewState":{"showFog":true,"showMaterialUpdate":false,"showSkybox":true,"showFlares":true,"showImageEffects":true,"showParticleSystems":true},"in2DMode":false,"pivot":{"x":9.05794906616211,"y":-1.302870512008667,"z":-0.24654436111450196},"rotation":{"x":-0.015158399008214474,"y":0.9535560011863709,"z":-0.29686811566352847,"w":-0.04868841543793678},"size":10.446754455566407,"orthographic":false}